venue_name,suburb,style_tags,capacity_seated,capacity_cocktail,price_per_head,min_spend,venue_hire,fees_notes,rating,reviews_count,photos_official,photos_real_weddings,photos_maps,source,notes
"2773, Glenbrook",,,,,,,,,,,https://www.easyweddings.com.au/WeddingVenues/BlueMountains/2773glenbrook/,,,easyweddings_BlueMountains,
Allview Escape Blackheath,,,,,,,,,,,https://www.easyweddings.com.au/WeddingVenues/BlueMountains/AllviewEscapeBlackheath/,,,easyweddings_BlueMountains,
Australian Bushland Weddings,,,Up to 100 guests,,,,,,,,https://www.easyweddings.com.au/WeddingVenues/BlueMountains/AustralianBushlandWeddings/,,,easyweddings_BlueMountains,
Bilpin Mountains Weddings,,,,,,,,,,,https://www.easyweddings.com.au/WeddingVenues/BlueMountains/BilpinMountainsWeddings/,,,easyweddings_BlueMountains,
Blue Mountains Botanic Garden Mount Tomah,,,,,,,,,,,https://www.easyweddings.com.au/WeddingVenues/BlueMountains/BlueMountainsBotanicGarden/,,,easyweddings_BlueMountains,
Clifton Woolshed,,,,,,,,,,,https://www.easyweddings.com.au/WeddingVenues/BlueMountains/CliftonWoolshed/,,,easyweddings_BlueMountains,
Crowne Plaza Hawkesbury Valley,,,,,,,,,,,https://www.easyweddings.com.au/WeddingVenues/BlueMountains/CrownePlazaHawkesburyValley/,,,easyweddings_BlueMountains,
Fontana Amorosa Reception Centre Blacktown,,,,,,,,,,,https://www.easyweddings.com.au/WeddingVenues/BlueMountains/FontanaAmorosaReceptionCentreBlacktown/,,,easyweddings_BlueMountains,
Hawkesbury Country Retreat,,,,,,,,,,,https://www.easyweddings.com.au/WeddingVenues/BlueMountains/HawkesburyCountryRetreat/,,,easyweddings_BlueMountains,
Hawkesbury Function Centre,,,,,,,,,,,https://www.easyweddings.com.au/WeddingVenues/BlueMountains/HawkesburyFunctionCentre/,,,easyweddings_BlueMountains,
Kurrajong Trails and Cottages,,,,,,,,,,,https://www.easyweddings.com.au/WeddingVenues/BlueMountains/KurrajongTrailsandCottages/,,,easyweddings_BlueMountains,
"Laughin' Boy, Nepean River",,,,,,,,,,,https://www.easyweddings.com.au/WeddingVenues/BlueMountains/LaughinBoyNepeanRiver/,,,easyweddings_BlueMountains,
Leura House,,,,,,,,,,,https://www.easyweddings.com.au/WeddingVenues/BlueMountains/LeuraHouse/,,,easyweddings_BlueMountains,
Lithgow Workies,,,,,,,,,,,https://www.easyweddings.com.au/WeddingVenues/BlueMountains/LithgowWorkies/,,,easyweddings_BlueMountains,
Hotel Mountain Heritage,,,,,,,,,,,https://www.easyweddings.com.au/WeddingVenues/BlueMountains/MountainHeritage/,,,easyweddings_BlueMountains,
Nepean Belle Paddlewheeler,,,,,,,,,,,https://www.easyweddings.com.au/WeddingVenues/BlueMountains/NepeanBellePaddlewheeler/,,,easyweddings_BlueMountains,
Riverside Oaks Golf Resort,,,,,,,,,,,https://www.easyweddings.com.au/WeddingVenues/BlueMountains/RiversideOakGolfResort/,,,easyweddings_BlueMountains,
Saints Event Centre,,,,,,,,,,,https://www.easyweddings.com.au/WeddingVenues/BlueMountains/SaintsEventCentre/,,,easyweddings_BlueMountains,
Suzarosa Mountain Getaway,,,,,,,,,,,https://www.easyweddings.com.au/WeddingVenues/BlueMountains/SuzarosaMountainGetaway/,,,easyweddings_BlueMountains,
The Conservation Hut Cafe,,,,,,,,,,,https://www.easyweddings.com.au/WeddingVenues/BlueMountains/TheConservationHutCafe/,,,easyweddings_BlueMountains,
Twin Creeks Golf & Country Club,,,,,,,,,,,https://www.easyweddings.com.au/WeddingVenues/BlueMountains/TwinCreeksGolfAndCountryClub/,,,easyweddings_BlueMountains,
Waldara Farm,,,,,,,,,,,https://www.easyweddings.com.au/WeddingVenues/BlueMountains/WaldaraFarm/,,,easyweddings_BlueMountains,
Wisemans Retreat,,,,,,,,,,,https://www.easyweddings.com.au/WeddingVenues/BlueMountains/WisemansRetreat/,,,easyweddings_BlueMountains,
Apollo Weddings,,,40 - 100 guests,,,,,,,,https://www.easyweddings.com.au/WeddingVenues/CentralCoast/ApolloInternational/,,,easyweddings_CentralCoast,
Bidja Estate,,,160-170 guests,,,,,,,,https://www.easyweddings.com.au/WeddingVenues/CentralCoast/Bidjaestate/,,,easyweddings_CentralCoast,
Caves Coastal Bar & Bungalows,,,,,,,,,,,https://www.easyweddings.com.au/WeddingVenues/CentralCoast/CavesBeachside/,,,easyweddings_CentralCoast,
Crowne Plaza Hawkesbury Valley,,,,,,,,,,,https://www.easyweddings.com.au/WeddingVenues/CentralCoast/CrownePlazaHawkesburyValley/,,,easyweddings_CentralCoast,
Crowne Plaza Terrigal Pacific,,,,,,,,,,,https://www.easyweddings.com.au/WeddingVenues/CentralCoast/CrownePlazaTerrigalPacific/,,,easyweddings_CentralCoast,
Oaks Cypress Lakes Resort,,,,,,,,,,,https://www.easyweddings.com.au/WeddingVenues/CentralCoast/CypressLakesResort/,,,easyweddings_CentralCoast,
Ettalong Diggers - The Esplanade Conference & Events Centre,,,,,,,,,,,https://www.easyweddings.com.au/WeddingVenues/CentralCoast/EttalongDiggers/,,,easyweddings_CentralCoast,
Fernbank Farm,,,,,,,,,,,https://www.easyweddings.com.au/WeddingVenues/CentralCoast/FernbankFarm/,,,easyweddings_CentralCoast,
The Gallery at Gosford RSL Club,,,,,,,,,,,https://www.easyweddings.com.au/WeddingVenues/CentralCoast/GosfordRSLClub/,,,easyweddings_CentralCoast,
Gracelands,,,50-110 guests,,,,,,,,https://www.easyweddings.com.au/WeddingVenues/CentralCoast/Gracelands/,,,easyweddings_CentralCoast,
Mercure Kooindah Waters Golf & Spa Resort,,,,,,,,,,,https://www.easyweddings.com.au/WeddingVenues/CentralCoast/KooindahWatersWeddingReceptions/,,,easyweddings_CentralCoast,
Linton Gardens,,,,,,,,,,,https://www.easyweddings.com.au/WeddingVenues/CentralCoast/LintonGardens/,,,easyweddings_CentralCoast,
Mackay Family Estate,,,,,,,,,,,https://www.easyweddings.com.au/WeddingVenues/CentralCoast/MackayFamilyEstate/,,,easyweddings_CentralCoast,
Pullman Magenta Shores Resort,,,,,,,,,,,https://www.easyweddings.com.au/WeddingVenues/CentralCoast/PullmanMagenta/,,,easyweddings_CentralCoast,
Raffertys Resort,,,,,,,,,,,https://www.easyweddings.com.au/WeddingVenues/CentralCoast/RaffertysResort/,,,easyweddings_CentralCoast,
Saddles Mount White,,,,,,,,,,,https://www.easyweddings.com.au/WeddingVenues/CentralCoast/SaddlesMountWhite/,,,easyweddings_CentralCoast,
Soldiers Beach Surf Life Saving Club,,,,,,,,,,,https://www.easyweddings.com.au/WeddingVenues/CentralCoast/SoldiersBeachSurfLifeSavingClub/,,,easyweddings_CentralCoast,
Somersby Gardens Estate,,,,,,,,,,,https://www.easyweddings.com.au/WeddingVenues/CentralCoast/SomersbyGardensEstate/,,,easyweddings_CentralCoast,
St Joseph's Guest House,,,,,,,,,,,https://www.easyweddings.com.au/WeddingVenues/CentralCoast/StJosephsGuestHouse/,,,easyweddings_CentralCoast,
The Beachcomber Hotel,,,,,,,,,,,https://www.easyweddings.com.au/WeddingVenues/CentralCoast/TheBeachcomberHotel/,,,easyweddings_CentralCoast,
The Springs,,,,,,,,,,,https://www.easyweddings.com.au/WeddingVenues/CentralCoast/TheSprings/,,,easyweddings_CentralCoast,
Wallarah Bay Recreation Club,,,,,,,,,,,https://www.easyweddings.com.au/WeddingVenues/CentralCoast/WallarahBayRecreationClub/,,,easyweddings_CentralCoast,
Yarramalong Valley Farmstay,,,,,,,,,,,https://www.easyweddings.com.au/WeddingVenues/CentralCoast/YarramalongValleyFarmstay/,,,easyweddings_CentralCoast,
voco Gosford,,,,,,,,,,,https://www.easyweddings.com.au/WeddingVenues/CentralCoast/vocoGosford/,,,easyweddings_CentralCoast,
Abercrombie Ridge,,,,,,,,,,,https://www.easyweddings.com.au/WeddingVenues/SouthernHighlands/AbercrombieRidge/,,,easyweddings_SouthernHighlands,
Bendooley Estate,,,,,,,,,,,https://www.easyweddings.com.au/WeddingVenues/SouthernHighlands/BendooleyEstate/,,,easyweddings_SouthernHighlands,
Citizen Kanebridge Lodge Berrima,,,,,,,,,,,https://www.easyweddings.com.au/WeddingVenues/SouthernHighlands/BerrimaVaultHouse/,,,easyweddings_SouthernHighlands,
Burnham Estate,,,,,,,,,,,https://www.easyweddings.com.au/WeddingVenues/SouthernHighlands/BurnhamEstate/,,,easyweddings_SouthernHighlands,
Centennial Vineyards Restaurant,,,,,,,,,,,https://www.easyweddings.com.au/WeddingVenues/SouthernHighlands/CentennialVineyardsRestaurant/,,,easyweddings_SouthernHighlands,
Fitzroy Inn Southern Highlands,,,,,,,,,,,https://www.easyweddings.com.au/WeddingVenues/SouthernHighlands/FitzroyInnBoutiqueHotel/,,,easyweddings_SouthernHighlands,
Growwild Wildflower Farm,,,60-120 guests,,,,,,,,https://www.easyweddings.com.au/WeddingVenues/SouthernHighlands/GrowwildWildflowerFarm/,,,easyweddings_SouthernHighlands,
Kalinya Estate,,,0-38 guests,,,,,,,,https://www.easyweddings.com.au/WeddingVenues/SouthernHighlands/KalinyaEstate/,,,easyweddings_SouthernHighlands,
Kangaroo Valley Bush Retreat,,,,,,,,,,,https://www.easyweddings.com.au/WeddingVenues/SouthernHighlands/KangarooValleyBushRetreat/,,,easyweddings_SouthernHighlands,
Oaks Lake Crackenback Resort,,,Up to 90 guests,,,,,,,,https://www.easyweddings.com.au/WeddingVenues/SouthernHighlands/LakeCrackenbackResortSpa/,,,easyweddings_SouthernHighlands,
Mali Brae Farm,,,,,,,,,,,https://www.easyweddings.com.au/WeddingVenues/SouthernHighlands/MaliBraeFarm/,,,easyweddings_SouthernHighlands,
Peppers Manor House,,,,,,,,,,,https://www.easyweddings.com.au/WeddingVenues/SouthernHighlands/PeppersManorHouse/,,,easyweddings_SouthernHighlands,
Robertson Public House Rustic Weddings,,,,,,,,,,,https://www.easyweddings.com.au/WeddingVenues/SouthernHighlands/RobertsonPublicHouseRusticWeddings/,,,easyweddings_SouthernHighlands,
Sylvan Glen Estate,,,,,,,,,,,https://www.easyweddings.com.au/WeddingVenues/SouthernHighlands/SylvanGlenCountryHouse/,,,easyweddings_SouthernHighlands,
The Coach House at The Rift Estate,,,,,,,,,,,https://www.easyweddings.com.au/WeddingVenues/SouthernHighlands/TheCoachHouseAtTheRiftEstate/,,,easyweddings_SouthernHighlands,
The Venue by Graze at Fitzroy Falls,,,,,,,,,,,https://www.easyweddings.com.au/WeddingVenues/SouthernHighlands/TheVenuebyGrazeatFitzroyFalls/,,,easyweddings_SouthernHighlands,
Events by Dee at Isca House,,,,,,,,,,,https://www.easyweddings.com.au/WeddingVenues/SouthernHighlands/WeddingsbyDeeatIscaHouse/,,,easyweddings_SouthernHighlands,
Wildwood @ Kangaroo Valley,,,,,,,,,,,https://www.easyweddings.com.au/WeddingVenues/SouthernHighlands/WildwoodatKangarooValley/,,,easyweddings_SouthernHighlands,
Albion Farm Gardens,,,,,,,,,,,https://www.easyweddings.com.au/WeddingVenues/HunterValley/AlbionFarmGardens/,,,easyweddings_HunterValley,
Apollo Weddings,,,40 - 100 guests,,,,,,,,https://www.easyweddings.com.au/WeddingVenues/HunterValley/ApolloInternational/,,,easyweddings_HunterValley,
B Farm,,,,,,,,,,,https://www.easyweddings.com.au/WeddingVenues/HunterValley/BFarm/,,,easyweddings_HunterValley,
Ben Ean,,,,,,,,,,,https://www.easyweddings.com.au/WeddingVenues/HunterValley/BenEanEstate/,,,easyweddings_HunterValley,
Chateau Elan at The Vintage,,,Up to 100 guests,,,,,,,,https://www.easyweddings.com.au/WeddingVenues/HunterValley/ChateauElanAtTheVintageNSW/,,,easyweddings_HunterValley,
Rydges Resort Hunter Valley,,,,,,,,,,,https://www.easyweddings.com.au/WeddingVenues/HunterValley/CrownePlazaHunterValley/,,,easyweddings_HunterValley,
Oaks Cypress Lakes Resort,,,,,,,,,,,https://www.easyweddings.com.au/WeddingVenues/HunterValley/CypressLakesResort/,,,easyweddings_HunterValley,
Dalwood Estate,,,,,,,,,,,https://www.easyweddings.com.au/WeddingVenues/HunterValley/DalwoodEstate/,,,easyweddings_HunterValley,
Eaglereach Weddings & Events,,,,,,,,,,,https://www.easyweddings.com.au/WeddingVenues/HunterValley/EaglereachWeddingsAndEvents/,,,easyweddings_HunterValley,
Estate Tuscany,,,,,,,,,,,https://www.easyweddings.com.au/WeddingVenues/HunterValley/EstateTuscany/,,,easyweddings_HunterValley,
Harrigan's Hunter Valley,,,,,,,,,,,https://www.easyweddings.com.au/WeddingVenues/HunterValley/HarrigansHunterValley/,,,easyweddings_HunterValley,
Hunter Valley Gardens,,,,,,,,,,,https://www.easyweddings.com.au/WeddingVenues/HunterValley/HunterValleyGardens/,,,easyweddings_HunterValley,
Hunter’s Dream Estate,,,,,,,,,,,https://www.easyweddings.com.au/WeddingVenues/HunterValley/HuntersDreamEstate/,,,easyweddings_HunterValley,
Kalimna Estate,,,,,,,,,,,https://www.easyweddings.com.au/WeddingVenues/HunterValley/KalimnaEventsPtyLtd/,,,easyweddings_HunterValley,
Kilnhaus at Hunter Valley Brewhouse,,,,,,,,,,,https://www.easyweddings.com.au/WeddingVenues/HunterValley/KilnhausatHunterValleyBrewhouse/,,,easyweddings_HunterValley,
voco Kirkton Park Hunter Valley,,,,,,,,,,,https://www.easyweddings.com.au/WeddingVenues/HunterValley/KirktonParkHunterValley/,,,easyweddings_HunterValley,
Mercure Resort Hunter Valley Gardens,,,15-40 guests,,,,,,,,https://www.easyweddings.com.au/WeddingVenues/HunterValley/MercureResortHunterValleyGardens/,,,easyweddings_HunterValley,
Mt View Estate Winery,,,,,,,,,,,https://www.easyweddings.com.au/WeddingVenues/HunterValley/MtViewEstateWinery/,,,easyweddings_HunterValley,
Mystwood,,,,,,,,,,,https://www.easyweddings.com.au/WeddingVenues/HunterValley/MystwoodWollombi/,,,easyweddings_HunterValley,
Peppers Creek Barrel Room & Chapel,,,,,,,,,,,https://www.easyweddings.com.au/WeddingVenues/HunterValley/PeppersCreek/,,,easyweddings_HunterValley,
RidgeView,,,,,,,,,,,https://www.easyweddings.com.au/WeddingVenues/HunterValley/RidgeView/,,,easyweddings_HunterValley,
Spicers Guesthouse,,,,,,,,,,,https://www.easyweddings.com.au/WeddingVenues/HunterValley/SpicersGuesthouse/,,,easyweddings_HunterValley,
St Joseph's Guest House,,,,,,,,,,,https://www.easyweddings.com.au/WeddingVenues/HunterValley/StJosephsGuestHouse/,,,easyweddings_HunterValley,
Stanley Park,,,,,,,,,,,https://www.easyweddings.com.au/WeddingVenues/HunterValley/StanleyPark/,,,easyweddings_HunterValley,
Gunyah Hotel - The Lake View Room,,,,,,,,,,,https://www.easyweddings.com.au/WeddingVenues/HunterValley/TheGunyahHotel/,,,easyweddings_HunterValley,
The Moorings Lakehouse,,,,,,,,,,,https://www.easyweddings.com.au/WeddingVenues/HunterValley/TheMooringsLakehouse/,,,easyweddings_HunterValley,
The Retreat Port Stephens,,,,,,,,,,,https://www.easyweddings.com.au/WeddingVenues/HunterValley/TheRetreatPortStephens/,,,easyweddings_HunterValley,
The Woodhouse Wollombi,,,,,,,,,,,https://www.easyweddings.com.au/WeddingVenues/HunterValley/TheWoodhouseWollombi/,,,easyweddings_HunterValley,
Tocal Homestead,,,,,,,,,,,https://www.easyweddings.com.au/WeddingVenues/HunterValley/TocalHomestead/,,,easyweddings_HunterValley,
Tuckers Lane Boutique Accommodation,,,,,,,,,,,https://www.easyweddings.com.au/WeddingVenues/HunterValley/TuckersLaneBoutiqueAccommodation/,,,easyweddings_HunterValley,
